USE news;

INSERT 
  INTO `user` 
       (`username`, `password`, `priority`) 
VALUES 
	   ('弱鸡', '123456', 1),
	   ('打杂', '123456', 1),
	   ('端茶', '123456', 1),
       ('大佬', '123456', 1),
       ('猴子', '123456', 1);

INSERT 
INTO `category` 
     (`name`) 
VALUES
	 ('国际'),
     ('社会'),
	 ('政治'),
	 ('军事'),
	 ('科技'),
     ('财经'),
     ('娱乐'),
     ('体育');

INSERT 
  INTO `news` 
       (`username`, `title`, `icon`, `synopsis`, `content`) 
VALUES
	   ('弱鸡', '习近平主持中共中央政治局会议 分析研究2018年经济工作', 'http://cms-bucket.nosdn.127.net/catchpic/0/07/07e5539dd9489ad2bfa44262dc0238de.jpg', '会议认为，党的十八大以来，党中央准确把握复杂局势，科学判断，正确决策，真抓实干，使我国经济发展取得历史性成就、发生历史性变革。', '会议认为，党的十八大以来，党中央准确把握复杂局势，科学判断，正确决策，真抓实干，使我国经济发展取得历史性成就、发生历史性变革。供给侧结构性改革有力推进，经济结构出现重大变革，全面深化改革使经济更具活力和韧性，我国经济实力再上新台阶，成为世界经济增长的主要动力源和稳定器，对全球经济发展的影响力、对全球治理的话语权大幅度提升。'),
	   ('打杂', '中使馆：恐怖分子策划对中国驻巴基斯坦机构恐袭',        'http://cms-bucket.nosdn.127.net/catchpic/0/07/07e5539dd9489ad2bfa44262dc0238de.jpg', '中国驻巴基斯坦大使馆网站消息称，据悉，恐怖分子策划近期对中国驻巴基斯坦机构和人员发动系列恐袭。',                                 '中新网12月8日电 中国驻巴基斯坦大使馆网站消息称，据悉，恐怖分子策划近期对中国驻巴基斯坦机构和人员发动系列恐袭。中国驻巴使馆提醒在巴中资机构和中国公民切实提高安防意识，加强内部防范，尽量减少外出，避免前往人员密集场所。'),
	   ('端茶', '朝鲜船停靠日本小岛后欲离开 被日巡逻船强行拖回',       'http://cms-bucket.nosdn.127.net/catchpic/0/07/07e5539dd9489ad2bfa44262dc0238de.jpg', '11月，一艘朝鲜木船因恶劣天气时临时在北海道松前町无人岛“松前小岛”避难。',                                                         '11月，一艘朝鲜木船因恶劣天气时临时在北海道松前町无人岛“松前小岛”避难。当地时间12月8日下午3点半左右，该船突然启动引擎欲离开日本巡逻船。日本海上保安部见此状追了上去，并用绳索将木船拖航，再次拴在日本巡逻船上。'),
	   ('大佬', '女孩跳楼被卡晾衣架 怼消防:不是你们我早跳下去了',      'http://cms-bucket.nosdn.127.net/catchpic/0/07/07e5539dd9489ad2bfa44262dc0238de.jpg', '12岁女孩和母亲吵架后想要跳楼，结果被卡在了4楼窗外的晾衣架上。',                                                                  '现代快报讯 近日，在镇江市丹徒区，一名12岁女孩和母亲吵架后想要跳楼，结果被卡在了4楼窗外的晾衣架上，后来她被公安消防合力救下，令人没想到的是，获救后她却责怪起了民警和消防官兵……'),
	   ('弱鸡', '女员工与老板开会发生口角 抡椅子将老板砸翻在地',       'http://cms-bucket.nosdn.127.net/catchpic/0/07/07e5539dd9489ad2bfa44262dc0238de.jpg', '女员工与老板发生口角，抡起椅子怒砸老板。',                                                                                       '12月5日，安徽淮南，一家公司正开晨会，女员工金某与老板发生口角，见老板弯腰拿椅子做出要砸她的架势，金某也抡起椅子怒砸老板，老板受伤倒地。目前，金某因故意伤害被行政拘留6日，罚款200元。'),
	   ('打杂', '醉酒男遇抢匪"失手"将其掐死 死者家属索赔170万',        'http://cms-bucket.nosdn.127.net/catchpic/0/07/07e5539dd9489ad2bfa44262dc0238de.jpg', '自称喝酒后被害人苏某强行向其要钱，俩人在争执中，平某用手扼压苏某，导致苏某窒息死亡。',                                           '自称喝酒后被害人苏某强行向其要钱，俩人在争执中，平某用手扼压苏某，导致苏某窒息死亡。12月8日上午，被控涉嫌故意杀人罪的平某在北京二中院受审。'),
	   ('端茶', '台教授挑唆台军:告诉解放军 客气点还能礼尚往来',        'http://cms-bucket.nosdn.127.net/catchpic/0/07/07e5539dd9489ad2bfa44262dc0238de.jpg', '范世平还称，台军再遇到这种“不友善”的行为，也可以采取广播喊话，但语气要更强硬。',                                                 '范世平还称，台军再遇到这种“不友善”的行为，也可以采取广播喊话，但语气要更强硬，比如“你已进入台湾‘领空’，严重影响台湾安全；你若不投诚，请立即离开，否则若遭击落，后果自负，台军不负责搜救。”'),
	   ('大佬', '英国欧盟就脱欧达成共识 归功于这个问题成功解决',       'http://cms-bucket.nosdn.127.net/catchpic/0/07/07e5539dd9489ad2bfa44262dc0238de.jpg', '今天，英国首相特雷莎·梅以及欧盟委员会主席容克在布鲁塞尔宣布，欧盟与英国达成脱欧协议，将迈向贸易谈判。',                          '今天，英国首相特雷莎·梅以及欧盟委员会主席容克在布鲁塞尔宣布，欧盟与英国达成脱欧协议，将迈向贸易谈判。据英国广播公司（BBC）网站报道，英欧双方此次在脱欧问题上迅速达成共识，主要是因为双方在复杂敏感的北爱尔兰地位问题上成功达成一致。'),
	   ('猴子', '小情侣开微店做时装"代购" 所卖正品服装基本靠偷',       'http://cms-bucket.nosdn.127.net/catchpic/0/07/07e5539dd9489ad2bfa44262dc0238de.jpg', '一对23岁的小情侣“代购”快时尚品牌服装，和普通代购赚差价不同，他们的利润几乎是100%——绝大多数衣服不是通过正规渠道进货，而是靠偷。', '一对23岁的小情侣“代购”快时尚品牌服装，和普通代购赚差价不同，他们的利润几乎是100%——绝大多数衣服不是通过正规渠道进货，而是靠偷。澎湃新闻12月8日从杭州滨江警方获悉，目前两人均已被刑事拘留，案件正在进一步侦办。'),
	   ('猴子', '浙江一公司虚开增值税专用发票 涉案金额120余亿',        'http://cms-bucket.nosdn.127.net/catchpic/0/07/07e5539dd9489ad2bfa44262dc0238de.jpg', '浙江舟山市警方日前破获浙江席琳贸易有限公司特大虚开增值税专用发票案，涉案金额120余亿元，涉及20多个省市800余家企业。',             '浙江舟山市警方日前破获浙江席琳贸易有限公司特大虚开增值税专用发票案，涉案金额120余亿元，涉及20多个省市800余家企业，警方已抓获10名犯罪嫌疑人并移送检察机关起诉。'),
	   ('猴子', '加拿大总理访华未启动中加自贸协定谈判 中方回应',       'http://cms-bucket.nosdn.127.net/catchpic/0/07/07e5539dd9489ad2bfa44262dc0238de.jpg', '中方一贯在相互尊重、互不干涉内政等原则的基础上，发展同其他国家的关系。',                                                         '中方一贯在相互尊重、互不干涉内政等原则的基础上，发展同其他国家的关系。我们也始终遵循这些原则发展同澳大利亚的关系。我们强烈敦促澳方有关人士摒弃冷战思维和对华偏见，立即停止发表损害中澳政治互信与互利合作的错误言论，并采取有效措施消除负面影响，以免对中澳关系发展造成干扰和冲击。');

INSERT
  INTO `category_news` 
       (category_id, news_id) 
VALUES (3, 1),
       (1, 2),
       (1, 3),
       (2, 4),
       (2, 5),
       (2, 6),
       (4, 7),
       (1, 8),
       (2, 9),
       (6, 10),
       (1, 11);

INSERT 
  INTO `comment` 
       (`news_id`, `guestname`, `content`, `ip`) 
VALUES
	   (1, '離莂鉽ゅ痛哭',  '威武！',             '222.231.1.56'),
       (1, '追妚廽の歲枂',  '习大大威武！',       '222.231.1.67'),
       (1, '‵溚讪獨橆〆',  '好！',               '222.231.1.42'),
       (1, 'εㄖ乍亱嬌χιυψ', '威武！！！',         '222.231.1.77'),
	   (2, '⒐玥⒐號娶尓',  '坚决打击恐怖主义！', '78.46.98.121');
